REPETIONS,TYPE,ITERATIONS,CHECKPOINT,BUFFERED_SIZE,ROWS,COLS,FEATURES,TRAITS,RADIUS,MUTATION,SELECTION_ERROR
50,FLACHE_EXPERIMENT3,1000,100,256,10,10,5,15,6,0.0f,0.000001f,
50,FLACHE_EXPERIMENT3,1000,100,256,10,10,5,15,6,0.0f,0.00001f,
50,FLACHE_EXPERIMENT3,1000,100,256,10,10,5,15,6,0.0f,0.0001f,
50,FLACHE_EXPERIMENT3,1000,100,256,10,10,5,15,6,0.0f,0.001f,
50,FLACHE_EXPERIMENT3,1000,100,256,10,10,5,15,6,0.0f,0.01f,
50,FLACHE_EXPERIMENT3,1000,100,256,10,10,5,15,6,0.0f,0.1f,
50,FLACHE_EXPERIMENT3,1000,100,256,10,10,5,15,6,0.0f,0.2f,
50,FLACHE_EXPERIMENT3,1000,100,256,10,10,5,15,6,0.0f,0.3f,
50,FLACHE_EXPERIMENT3,1000,100,256,10,10,5,15,6,0.0f,0.4f,
50,FLACHE_EXPERIMENT3,1000,100,256,10,10,5,15,6,0.000001f,0.0f,
50,FLACHE_EXPERIMENT3,1000,100,256,10,10,5,15,6,0.00001f,0.0f,
50,FLACHE_EXPERIMENT3,1000,100,256,10,10,5,15,6,0.0001f,0.0f,
50,FLACHE_EXPERIMENT3,1000,100,256,10,10,5,15,6,0.001f,0.0f,
50,FLACHE_EXPERIMENT3,1000,100,256,10,10,5,15,6,0.01f,0.0f,
50,FLACHE_EXPERIMENT3,1000,100,256,10,10,5,15,6,0.1f,0.0f,
50,FLACHE_EXPERIMENT3,1000,100,256,10,10,5,15,6,0.2f,0.0f,
50,FLACHE_EXPERIMENT3,1000,100,256,10,10,5,15,6,0.3f,0.0f,
50,FLACHE_EXPERIMENT3,1000,100,256,10,10,5,15,6,0.4f,0.0f,